<?xml version="1.0" encoding="UTF-8"?>
<projects type="array">
  <project>
    <budget type="integer">0</budget>
    <budget-type>minutes</budget-type>
    <created-at type="datetime">2009-08-26T01:57:31+02:00</created-at>
    <customer-id type="integer">2224</customer-id>
    <id type="integer">163615</id>
    <name>Alles Mögliche</name>
    <note>kk</note>
    <updated-at type="datetime">2009-09-06T16:54:04+02:00</updated-at>
    <archived type="boolean">false</archived>
    <customer-name>Latchezar Bossev - Weinmarketing</customer-name>
  </project>
  <project>
    <budget type="integer">0</budget>
    <budget-type>minutes</budget-type>
    <created-at type="datetime">2008-11-04T15:15:50+01:00</created-at>
    <customer-id type="integer">30911</customer-id>
    <id type="integer">94572</id>
    <name>Alles Mögliche</name>
    <note>Was eben kein eigenes Projekt lohntt</note>
    <updated-at type="datetime">2009-10-06T23:30:07+02:00</updated-at>
    <archived type="boolean">false</archived>
    <customer-name>Beuth Hochschule Berlin</customer-name>
  </project>
  <project>
    <budget type="integer">12000</budget>
    <budget-type>minutes</budget-type>
    <created-at type="datetime">2009-06-08T18:47:43+02:00</created-at>
    <customer-id type="integer">30911</customer-id>
    <id type="integer">143582</id>
    <name>Bachelorarbeit</name>
    <note>Tools im Einsatz:
* http://vfh30.tfh-berlin.de/thomasklein/umfrage
* http://vfh30.tfh-berlin.de/thomasklein/wiki</note>
    <updated-at type="datetime">2009-10-12T15:48:06+02:00</updated-at>
    <archived type="boolean">false</archived>
    <customer-name>Beuth Hochschule Berlin</customer-name>
  </project>
  <project>
    <budget type="integer">0</budget>
    <budget-type>minutes</budget-type>
    <created-at type="datetime">2007-01-31T00:00:00+01:00</created-at>
    <customer-id type="integer">2224</customer-id>
    <id type="integer">2704</id>
    <name>CMS</name>
    <note/>
    <updated-at type="datetime">2009-09-13T20:47:46+02:00</updated-at>
    <archived type="boolean">false</archived>
    <customer-name>Latchezar Bossev - Weinmarketing</customer-name>
  </project>
  <project>
    <budget type="integer">600</budget>
    <budget-type>minutes</budget-type>
    <created-at type="datetime">2009-04-20T21:56:12+02:00</created-at>
    <customer-id type="integer">30911</customer-id>
    <id type="integer">132029</id>
    <name>Mediencommunity 2.0</name>
    <note>- http://vfh30.tfh-berlin.de/mediencommunity/wiki
- http://vfh30.tfh-berlin.de/mediencommunity/drupal
- http://mediencommunity.de/</note>
    <updated-at type="datetime">2009-09-08T20:17:59+02:00</updated-at>
    <archived type="boolean">false</archived>
    <customer-name>Beuth Hochschule Berlin</customer-name>
  </project>
  <project>
    <budget type="integer">0</budget>
    <budget-type>minutes</budget-type>
    <created-at type="datetime">2009-08-30T14:15:40+02:00</created-at>
    <customer-id type="integer">57417</customer-id>
    <id type="integer">164545</id>
    <name>Plakatkampagne</name>
    <note/>
    <updated-at type="datetime">2009-10-06T23:29:15+02:00</updated-at>
    <archived type="boolean">false</archived>
    <customer-name>Rettet die Maikäfer e.V.</customer-name>
  </project>
</projects>