<?xml version="1.0" encoding="UTF-8"?>
<services type="array">
  <service>
    <billable type="boolean">true</billable>
    <created-at type="datetime">2008-10-07T00:54:06+02:00</created-at>
    <hourly-rate type="integer" nil="true"/>
    <id type="integer">53916</id>
    <name>Absprachen</name>
    <note nil="true"/>
    <updated-at type="datetime">2009-10-06T23:30:07+02:00</updated-at>
    <archived type="boolean">false</archived>
  </service>
  <service>
    <billable type="boolean">true</billable>
    <created-at type="datetime">2008-10-07T00:25:27+02:00</created-at>
    <hourly-rate type="integer" nil="true"/>
    <id type="integer">53914</id>
    <name>Aufgaben aus Protokollen</name>
    <note/>
    <updated-at type="datetime">2009-10-12T15:48:06+02:00</updated-at>
    <archived type="boolean">false</archived>
  </service>
  <service>
    <billable type="boolean">true</billable>
    <created-at type="datetime">2009-04-23T19:22:43+02:00</created-at>
    <hourly-rate type="integer" nil="true"/>
    <id type="integer">69255</id>
    <name>Besprochene Aufgaben</name>
    <note nil="true"/>
    <updated-at type="datetime">2009-10-06T23:30:06+02:00</updated-at>
    <archived type="boolean">false</archived>
  </service>
  <service>
    <billable type="boolean">true</billable>
    <created-at type="datetime">2009-08-30T14:25:21+02:00</created-at>
    <hourly-rate type="integer" nil="true"/>
    <id type="integer">79749</id>
    <name>Design</name>
    <note/>
    <updated-at type="datetime">2009-10-06T23:29:41+02:00</updated-at>
    <archived type="boolean">false</archived>
  </service>
  <service>
    <billable type="boolean">false</billable>
    <created-at type="datetime">2007-06-23T23:00:51+02:00</created-at>
    <hourly-rate type="integer" nil="true"/>
    <id type="integer">3600</id>
    <name>Fehler korrigieren</name>
    <note/>
    <updated-at type="datetime">2009-10-12T15:48:03+02:00</updated-at>
    <archived type="boolean">false</archived>
  </service>
  <service>
    <billable type="boolean">true</billable>
    <created-at type="datetime">2009-08-30T14:24:47+02:00</created-at>
    <hourly-rate type="integer" nil="true"/>
    <id type="integer">79747</id>
    <name>Fotografieren</name>
    <note/>
    <updated-at type="datetime">2009-08-30T14:24:47+02:00</updated-at>
    <archived type="boolean">false</archived>
  </service>
  <service>
    <billable type="boolean">true</billable>
    <created-at type="datetime">2007-06-23T23:00:51+02:00</created-at>
    <hourly-rate type="integer" nil="true"/>
    <id type="integer">4182</id>
    <name>Layout erweitern/verbessern</name>
    <note>Hier kommt alles rein, was mit der Veränderung der Navigation/Seitenlayout/Satz zu tun hat</note>
    <updated-at type="datetime">2009-09-08T20:16:03+02:00</updated-at>
    <archived type="boolean">false</archived>
  </service>
  <service>
    <billable type="boolean">true</billable>
    <created-at type="datetime">2007-06-23T23:00:51+02:00</created-at>
    <hourly-rate type="integer" nil="true"/>
    <id type="integer">4663</id>
    <name>Online-Konferenz</name>
    <note/>
    <updated-at type="datetime">2009-09-08T20:16:10+02:00</updated-at>
    <archived type="boolean">false</archived>
  </service>
  <service>
    <billable type="boolean">true</billable>
    <created-at type="datetime">2009-01-16T13:29:29+01:00</created-at>
    <hourly-rate type="integer" nil="true"/>
    <id type="integer">60728</id>
    <name>Programmierung</name>
    <note/>
    <updated-at type="datetime">2009-10-06T23:29:25+02:00</updated-at>
    <archived type="boolean">false</archived>
  </service>
  <service>
    <billable type="boolean">true</billable>
    <created-at type="datetime">2008-10-08T23:29:27+02:00</created-at>
    <hourly-rate type="integer" nil="true"/>
    <id type="integer">54141</id>
    <name>Recherche</name>
    <note nil="true"/>
    <updated-at type="datetime">2009-10-06T23:29:33+02:00</updated-at>
    <archived type="boolean">false</archived>
  </service>
  <service>
    <billable type="boolean">true</billable>
    <created-at type="datetime">2008-11-04T15:17:10+01:00</created-at>
    <hourly-rate type="integer" nil="true"/>
    <id type="integer">56115</id>
    <name>Software einrichten</name>
    <note nil="true"/>
    <updated-at type="datetime">2009-08-25T02:03:22+02:00</updated-at>
    <archived type="boolean">false</archived>
  </service>
  <service>
    <billable type="boolean">true</billable>
    <created-at type="datetime">2009-06-08T18:49:12+02:00</created-at>
    <hourly-rate type="integer" nil="true"/>
    <id type="integer">73035</id>
    <name>Texte schreiben</name>
    <note nil="true"/>
    <updated-at type="datetime">2009-10-06T23:29:03+02:00</updated-at>
    <archived type="boolean">false</archived>
  </service>
</services>